Year,Country Name Normalized,Axe1,Axe2,Total greenhouse gas emissions
2013,afghanistan,0.012474109211764518,0.008101880205556822,-0.043535021616637665
2014,afghanistan,0.012605560564607331,0.016287803989622214,-0.04371790524537205
2015,afghanistan,0.012621536847095653,0.012849071032703092,-0.0439032207472748
2016,afghanistan,0.01266369601344305,0.014615629114385228,-0.044206442048662045
2017,afghanistan,0.01268134591745149,0.01523253495801793,-0.04414674146384797
2018,afghanistan,0.012782067701106646,0.014150545911349672,-0.04433204351796119
2019,afghanistan,0.01282771497032303,0.012336557064489462,-0.044596264619176235
2020,afghanistan,0.012914142377314579,0.011746129352074707,-0.04481507918666615
2013,algeria,0.011776376702004092,0.048403118724368886,-0.010211713714861678
2014,algeria,0.011609431709628608,0.045965730832480275,-0.008657388528054925
2015,algeria,0.011646453972214511,0.0452903880569747,-0.007660542495696256
2016,algeria,0.01155231693295871,0.04796283309474793,-0.008877501826323343
2017,algeria,0.011450391853241652,0.04642794048532723,-0.00883289946643675
2018,algeria,0.01142040387420826,0.04568402464800902,-0.008154406535991993
2019,algeria,0.011491755171607457,0.045609480925379135,-0.007842612361264482
2020,algeria,0.012724881891812756,0.04879322139192736,-0.010697675680834497
2013,angola,0.011610554805682386,-0.03113307487021134,-0.029211273971974653
2014,angola,0.011774563077945667,-0.016051835080435416,-0.029412600073642454
2015,angola,0.011793173855981663,-0.029578044385214688,-0.028997535740283055
2016,angola,0.011829161194484246,-0.033987227984333686,-0.030430937966517878
2017,angola,0.01181662594822105,-0.029541046089547156,-0.03238364022361156
2018,angola,0.011880598705053843,-0.020898290469823794,-0.03386189810820764
2019,angola,0.011806531647241597,-0.030299989545687626,-0.03429917653201564
2020,angola,0.012411275764815264,-0.01765198168634853,-0.03654480222410605
2013,argentina,0.0074714906120821,0.006999855254339434,0.009402712509046068
2014,argentina,0.007529642941081817,4.991561028474509e-05,0.008663580862548526
2015,argentina,0.0071472655820762725,0.005780861459556004,0.009023597453483282
2016,argentina,0.00700569260100961,-0.00010817652875229771,0.008902140906166048
2017,argentina,0.006413208758960849,-0.0015544444777109499,0.00890878686772219
2018,argentina,0.006515787097741124,0.006427336612232252,0.008324318611906635
2019,argentina,0.006849723873451407,0.002272767512918718,0.007455641723147321
2020,argentina,0.010664804359705644,-0.0017620763779722817,0.005035139474232783
2013,australia,-0.012314329431227702,-0.019384189059315667,0.13788405401046366
2014,australia,-0.012071923609028815,-0.01261451493583706,0.13226884004036174
2015,australia,-0.011883689180964748,-0.011276617692894361,0.13027442562734834
2016,australia,-0.012331762002826136,-0.02176537588321181,0.12801222800519205
2017,australia,-0.013178278007450426,-0.013867056463654803,0.12788357866191957
2018,australia,-0.014009052343244755,-0.022866959628232805,0.12464581005397751
2019,australia,-0.013756305309441297,-0.01778414139026224,0.12148475108719753
2020,australia,-0.0009277279920646116,-0.01803651691574137,0.11256013733248342
2013,austria,0.008691100709871395,0.04926231146088658,0.021386854460590278
2014,austria,0.008571945395911672,0.050955993113446264,0.017810875657511348
2015,austria,0.00885405892122846,0.05050384251462238,0.018004637821600646
2016,austria,0.008748282809381879,0.05108129130635389,0.017723801981599688
2017,austria,0.008508888500578345,0.05168214584610945,0.019236125172813957
2018,austria,0.00872541936398499,0.0493812500126209,0.016521060305542165
2019,austria,0.004726977709775573,0.05096687389734391,0.017229784269099442
2020,austria,0.009910684169044823,0.05239680473612739,0.012016034695638706
2013,azerbaijan,0.012157005301939089,-0.012920092027776208,-0.010598060991349391
2014,azerbaijan,0.011480471621549844,-0.016235779906958285,-0.009729727364931596
2015,azerbaijan,0.010981160633186627,-0.022197267738559224,-0.01030469788301237
2016,azerbaijan,0.011055544324253612,-0.013396579964197852,-0.010913650024088584
2017,azerbaijan,0.011960506576443018,-0.022594803866286383,-0.011465240425784557
2018,azerbaijan,0.012031602054708039,-0.017849708221254708,-0.011284613304707498
2019,azerbaijan,0.009605151054494741,-0.007669553175865007,-0.009634669020809714
2013,bangladesh,0.01100443474646638,-0.012366041425948852,-0.03998985884697486
2014,bangladesh,0.010980533245626074,-0.0016273547438401667,-0.03977532716112522
2015,bangladesh,0.011041414342761251,-0.003944304160096783,-0.039462029076624335
2016,bangladesh,0.010738240806479168,-0.008518682546743163,-0.03924048434822625
2017,bangladesh,0.010363628800805802,-0.014234706199512236,-0.03880431557527263
2018,bangladesh,0.010390163486655684,-0.008129766015583276,-0.03867577164172121
2019,bangladesh,0.010148983124881994,-1.9101321792927846e-06,-0.03862673412889254
2020,bangladesh,0.010723640794060078,-0.0117472047652107,-0.038902233566352154
2014,belarus,0.012846899884679536,0.035613353857893514,0.0210466968635603
2015,belarus,0.012841819806775874,0.032520561956215346,0.01748050181318439
2016,belarus,0.012792185620748667,0.033285886942005495,0.016818605764324708
2017,belarus,0.012728284637546524,0.03453441565510507,0.01819923377253702
2013,belgium,0.007087086043590623,0.060627419673235934,0.032497585289164646
2014,belgium,0.006805463107693117,0.06046271077647423,0.027812961916607985
2015,belgium,0.007038872983833039,0.059721684286467486,0.030346356607704274
2016,belgium,0.006881117370626513,0.05997215049872841,0.029321867938087866
2017,belgium,0.006584294246973977,0.06082581660324082,0.027754861793824005
2019,belgium,0.00665856155175712,0.05936109543421156,0.026978826448141837
2020,belgium,0.008889307392638867,0.059787596631582805,0.02177807715375836
2013,bolivia,0.012143346341718628,-0.012530951439554707,-0.019517288930932932
2014,bolivia,0.01175955595807632,-0.021712461633148786,-0.01930579743125302
2015,bolivia,0.011897784858005479,-0.010064676195525174,-0.01914011938992537
2016,bolivia,0.011839685781632135,-0.013354961237209353,-0.018477987642080487
2017,bolivia,0.011625544869970611,-0.02258640303310843,-0.018531656531030786
2018,bolivia,0.011714293657977777,-0.012206402805265148,-0.018571771158694003
2019,bolivia,0.01175336694401787,-0.01978555661780536,-0.018454490417518052
2020,bolivia,0.01210665073233642,-0.017867198022973235,-0.02074487853838267
2013,botswana,0.012514730381467304,-0.023252405399950223,-0.011670656642886973
2014,botswana,0.012525233419347255,-0.023273097643151146,-0.00842435643927478
2017,botswana,0.012595171847735717,-0.01814070398787637,-0.010634304322132264
2018,botswana,0.012643427596452192,-0.013956277135705387,-0.00807931003053894
2019,botswana,0.012627410542684925,-0.015553026108460368,-0.012523660807508129
2013,brazil,-0.017741449099783327,-0.011187076214284317,-0.005352493581759239
2014,brazil,-0.018071231576436534,-0.011040524342292147,-0.004555136863580389
2015,brazil,-0.016022657040193275,-0.0032921337664223076,-0.005469593459995135
2016,brazil,-0.01409471899799097,-0.011919082327905502,-0.006662322321157884
2017,brazil,-0.015056665734152399,-0.00015899750304225905,-0.006584670111985392
2018,brazil,-0.015824350187935626,0.0006280370422229816,-0.00767068587934937
2019,brazil,-0.014551821713319906,0.0004600047534026847,-0.00779569576628126
2020,brazil,-0.002575521353350621,-0.006036179584650714,-0.008187815431455773
2013,bulgaria,0.01172370700625066,-0.06049496698014941,0.006518652180373768
2014,bulgaria,0.011609971960604102,-0.06796370735350006,0.00943091668209197
2015,bulgaria,0.011628190352665432,-0.06710576918327231,0.013667699227277234
2016,bulgaria,0.011558983677714314,-0.06863044068834341,0.011611292793753756
2017,bulgaria,0.011646140131513898,-0.05741727902574685,0.014431116894254966
2018,bulgaria,0.011574307309597893,-0.059593040066277365,0.011177100745476645
2019,bulgaria,0.011507584461580693,-0.06594377504948026,0.009949457721516812
2020,bulgaria,0.011850077451373038,-0.05304667113491746,0.005318603599912781
2013,cambodia,0.012770129386009917,0.011041340352562075,-0.033960499520270936
2014,cambodia,0.012726119148156636,0.014848156209711468,-0.03336536710097731
2015,cambodia,0.012697938792358013,0.01254006383356368,-0.03285337649958158
2016,cambodia,0.012722717892506518,0.015155454063083799,-0.031938331256117905
2017,cambodia,0.012625207447390303,0.014611874703349787,-0.031334961149194936
2018,cambodia,0.01260396150211385,0.018140308031183314,-0.031187091791301007
2019,cambodia,0.012521571157690118,0.015040626346404969,-0.029901182150574218
2013,cameroon,0.012021220547134054,-0.053521721352854754,-0.03879993292574534
2018,cameroon,0.012079975078626033,-0.04652215610246501,-0.038965923977069626
2019,cameroon,0.012164436129684644,-0.0449448667651978,-0.03906373906538953
2020,cameroon,0.01220076422888606,-0.045607599223114914,-0.03913947049265689
2013,canada,-0.01562631777777191,0.0166375807861553,0.10218986183089415
2014,canada,-0.016550458665866383,0.013370839939407832,0.1030869096723237
2015,canada,-0.01658334942611887,0.015524620908090318,0.10102999712155544
2016,canada,-0.017885107425889914,0.009664015616306282,0.09828869608959899
2017,canada,-0.020636035512278435,0.01307118979630899,0.10040184042939777
2018,canada,-0.019200815131613064,0.01817329037516697,0.10281628114251043
2019,canada,-0.02074361884818977,0.01570676838343433,0.09943685247242756
2020,canada,-0.004648284910553797,0.0152974356001324,0.08358880332268397
2013,chile,0.007444166085442492,0.054229743887474854,-0.0018560421128551983
2014,chile,0.007440598507762534,0.056201757660939204,-0.005445851166999831
2015,chile,0.007674962286044307,0.05464684873417243,-0.0038274365373641064
2016,chile,0.007395486917576824,0.05450881020766128,-0.002368493922842532
2017,chile,0.007386641288331846,0.05498293573184758,-0.002292261387733863
2018,chile,0.007030397476410031,0.05530459717290728,-0.0024709624191737605
2019,chile,0.00703283886958435,0.056326535878773676,-0.0009013407791335132
2020,chile,0.0088745841550135,0.05538560014822899,-0.004069925810264507
2013,china,-0.11229268277846619,0.030328191779150627,0.018953899233327173
2014,china,-0.12472370378839504,0.027619276117307193,0.01931644745014476
2015,china,-0.13729706778619566,0.031085772301397935,0.01800545166225933
2016,china,-0.14957314789331252,0.026265985703706803,0.017551142921781834
2017,china,-0.16701627490265974,0.02749056950404916,0.018453729844678718
2018,china,-0.18473825026992674,0.03477265405723409,0.021146901934297573
2019,china,-0.19740281904047915,0.037012369525951626,0.022513370815053238
2020,china,-0.1466453252045334,0.03235962221229513,0.023463462056606845
2013,colombia,0.004555424473256991,-0.0028333730724437096,-0.021284619857903656
2014,colombia,0.0039662554156778594,0.004269992645109404,-0.021565170629093505
2015,colombia,0.0037599786150886764,0.003763495957359685,-0.02154094342610793
2016,colombia,0.003819300581199941,-0.00440525670289597,-0.021247410132723094
2017,colombia,0.0036421147823350185,0.0014974846891205248,-0.022209705530456505
2018,colombia,0.003232028012131227,-0.0012011183141169201,-0.02154659042290161
2019,colombia,0.0027327384696204274,0.004031330929626973,-0.02134519076890846
2020,colombia,0.007362463205148113,0.005373998867111868,-0.02204310867275945
2013,costa rica,0.011498690030838914,-0.051246719292402876,-0.028135846474775374
2014,costa rica,0.011657285201440553,-0.03449856113079623,-0.027977571903177078
2015,costa rica,0.011539389909424642,-0.04675145958006397,-0.028448971136581815
2016,costa rica,0.011443021648544162,-0.047903352962350085,-0.027642032335392086
2017,costa rica,0.011426206954693097,-0.045831422741169935,-0.027282305286880235
2018,costa rica,0.0114009697742025,-0.05003393240100709,-0.026749789776806164
2019,costa rica,0.01154056313575356,-0.03307113790686088,-0.027095314347976705
2020,costa rica,0.011890313620464357,-0.0494231788154428,-0.029348777287955104
2014,cote d'ivoire,0.012334520006171275,-0.026173145447234637,-0.042406361365640334
2015,cote d'ivoire,0.01218522011462918,-0.033545325346433265,-0.04231014066454946
2016,cote d'ivoire,0.012215830389538046,-0.027899357202066467,-0.04222068426565071
2017,cote d'ivoire,0.012020985991695135,-0.03676835486544261,-0.042188404085019615
2018,cote d'ivoire,0.012080037456606248,-0.02987555873377877,-0.04253124827068837
2019,cote d'ivoire,0.012054780019447632,-0.03649651784360911,-0.04224123297418381
2013,croatia,0.012712006838792833,0.028969336257050306,-0.007323413573177241
2014,croatia,0.01261925449088698,0.022691694808805948,-0.008168463112098968
2015,croatia,0.012668919491534269,0.02567033985791185,-0.006364324730726059
2016,croatia,0.012584395875108553,0.02208590479316787,-0.004926072777176908
2017,croatia,0.012556233353748135,0.02488912586931556,-0.003087842431322478
2018,croatia,0.01246475489365288,0.021932555023621753,-0.004378376463699537
2019,croatia,0.012472958468682311,0.02564219828100034,-0.0034517918484579225
2020,croatia,0.012887900175743199,0.025773997402697164,-0.00413347624923553
2013,cuba,0.012684005944488364,0.04833281162455583,-0.01889293819926567
2014,cuba,0.012749281287321576,0.0496201152966826,-0.020187126296203534
2015,cuba,0.012630134098934891,0.049098189232776,-0.01896498024157495
2016,cuba,0.012461217917540157,0.04680343323276617,-0.020141308874788957
2017,cuba,0.012435726384806053,0.04960943329623703,-0.0208857472476051
2018,cuba,0.012588715977454966,0.04827845361331863,-0.02060275418888382
2019,cuba,0.012670976760571905,0.04632500311874299,-0.022084663084349608
2015,cyprus,0.012253388868404012,-0.027087271484932375,-0.0008397517842424236
2016,cyprus,0.01209450774823753,-0.03467060936814394,0.0009531312895472113
2017,cyprus,0.01215920262575253,-0.020051371277714728,0.0013903434469443399
2013,dominican republic,0.012906458910335712,0.05689332891259968,-0.025102807534874157
2019,dominican republic,0.012617237332760385,0.05691800057933959,-0.020730417705404458
2013,ecuador,0.011365532735084945,0.002959229395373486,-0.017405632922448757
2014,ecuador,0.011267674246530456,-0.0013042780525126787,-0.01716509052167434
2015,ecuador,0.011395831232723605,0.00389346223624633,-0.018262913761859786
2016,ecuador,0.011397124776462991,-0.002632736044700078,-0.019122194375607127
2017,ecuador,0.011567803276086593,0.008619492172007713,-0.02029794687789943
2018,ecuador,0.011395521022854035,-0.0009346027901555653,-0.02037211676727593
2019,ecuador,0.011571871265495342,0.007467595710913947,-0.020898206469579086
2020,ecuador,0.012317375967559203,0.001002220003945804,-0.023484377466820527
2013,ethiopia,0.009364399753505243,-0.068117674380673,-0.04033477692236022
2014,ethiopia,0.009011358607916523,-0.0657932577927938,-0.04017182114119207
2015,ethiopia,0.008284282920016522,-0.06765525210791243,-0.040132633329685745
2016,ethiopia,0.007806247456594184,-0.0503514177354194,-0.03996715197559682
2017,ethiopia,0.006737943701078531,-0.04680835675093945,-0.04001379716450697
2018,ethiopia,0.0063282505182139705,-0.05026597226417181,-0.03998503552208689
2019,ethiopia,0.005486348681619362,-0.0524045653084785,-0.03955030251018393
2020,ethiopia,0.006132080750509025,-0.04902386687999087,-0.039494477771657426
2013,finland,0.009062958169358464,0.034617552078607054,0.0392791348533863
2014,finland,0.008995502503603764,0.03569129732382628,0.03368449856167935
2015,finland,0.008747817272493092,0.035581399398694646,0.028561701227348493
2016,finland,0.008553364938822606,0.037798960722099685,0.03194579793934681
2017,finland,0.008720025122579956,0.03522450749669411,0.027807217642072172
2018,finland,0.008215560368927767,0.0325247601167874,0.02946214595346512
2019,finland,0.007916126841114143,0.03369548683049988,0.024885280565808177
2020,finland,0.010883792257602172,0.03491108814121136,0.018102596599751074
2013,france,-0.02021832603908941,-0.07198559813823206,0.0031860240602966136
2014,france,-0.019938036037004093,-0.06402187013704017,-0.0007031923233788011
2015,france,-0.018574507598490497,-0.04933693908172902,-0.000426553281273211
2016,france,-0.018776527858158046,-0.05093120672283021,-0.0003878071185339746
2017,france,-0.01971115846693725,-0.050148126331545896,-0.00020516330747680448
2018,france,-0.021231018153521648,-0.060187507955121136,-0.0017758263457671117
2019,france,-0.0215085777673986,-0.05817849739422569,-0.0030165065522385157
2020,france,-0.007615122567416381,-0.07474787557019635,-0.0077248529175388825
2013,gabon,0.013363900055118142,0.04116098300454135,0.025949285761725848
2013,georgia,0.013274736350177313,0.03753023559308742,-0.019947647033222705
2014,georgia,0.013249604252762453,0.03638847256780978,-0.01844205213742976
2015,georgia,0.013228418931012306,0.034964300845994396,-0.01800738296799075
2016,georgia,0.01324712711120623,0.036759132302823405,-0.017219878509230454
2017,georgia,0.0132151020489349,0.03885403959438563,-0.017054669243842267
2018,georgia,0.013130651316813857,0.037700708895432686,-0.01727439691860236
2019,georgia,0.013135368015641432,0.03651536360453617,-0.01582102848818847
2020,georgia,0.013307040918747647,0.03545921370060362,-0.01650240129782634
2013,germany,-0.034213083285932935,-0.025804037000624464,0.0334680347684944
2014,germany,-0.034915083230724786,-0.02354298747445487,0.0296603606026499
2015,germany,-0.033929346396870494,-0.033784585333202555,0.029411371557723987
2016,germany,-0.034500258845434964,-0.039793397386343646,0.028991525314863674
2017,germany,-0.036395837020397566,-0.023273462903180095,0.027309211424195245
2018,germany,-0.03717221675689052,-0.036955058936973074,0.024330639956667264
2019,germany,-0.03651734923279588,-0.03728444246695389,0.019615167075532413
2020,germany,-0.021757635561880213,-0.033731451890084654,0.014509330231671651
2013,ghana,0.011673684401570258,-0.05862642565085797,-0.04137895201689156
2014,ghana,0.011874264621784817,-0.04296938236920829,-0.04152912098774573
2015,ghana,0.011729107600039052,-0.05470635101507303,-0.04140754963967799
2016,ghana,0.011568531451651263,-0.06388860666537653,-0.041461662292493456
2017,ghana,0.011541248752568706,-0.06317707695741584,-0.04088499001973627
2018,ghana,0.011662913363150982,-0.058745903632166904,-0.04045639494548859
2013,greece,0.010443011970938724,0.029160711875551734,0.012692301469812067
2014,greece,0.009880226439485067,0.028366630539532593,0.011248843994353993
2015,greece,0.009943228403669362,0.030784269770143667,0.010522592441095322
2016,greece,0.009660254079431599,0.02698281877938049,0.009845244182189466
2017,greece,0.00947903116015938,0.032017704508361736,0.01019029061948112
2018,greece,0.009037249313280322,0.02785060582487813,0.008617950440759387
2019,greece,0.008874668526419272,0.031342385801629236,0.004872919664964867
2020,greece,0.011166374015352655,0.027482447303138754,-0.0019617451116069784
2013,guatemala,0.01319300948331883,0.03915322261482952,-0.035137347763014866
2014,guatemala,0.013178689769858422,0.039492430221830924,-0.034640186862222325
2015,guatemala,0.013140610596523647,0.038084595270236964,-0.0335398482496844
2016,guatemala,0.01314903365149738,0.040190434750756523,-0.03313650665196202
2017,guatemala,0.013115564980537345,0.039685417263104865,-0.03361292523400484
2018,guatemala,0.013063001421821754,0.03629962398438065,-0.032946960854723005
2019,guatemala,0.01303325889234316,0.03554741396437099,-0.032684897690732705
2020,guatemala,0.013170538901252062,0.03986389001464366,-0.03355280051363533
2013,honduras,0.013000739384767437,0.02949436003421564,-0.03348552058900816
2014,honduras,0.012941585135455073,0.022667671841885506,-0.03346640726128192
2015,honduras,0.012988703181613487,0.027091668668539817,-0.03317743832568438
2016,honduras,0.012972877832358216,0.02576274565194835,-0.033469081266363054
2017,honduras,0.013075266861893422,0.02605404316504143,-0.03463398513769878
2018,honduras,0.013058435279707398,0.029055214755029476,-0.03500000816833402
2019,honduras,0.013056678746074035,0.028438601201653795,-0.03428473854950112
2018,hungary,0.009180601713573076,0.06004851313914553,-0.0007335846470547609
2013,iceland,0.011893472328207436,-0.02345905427636447,0.057398115847010656
2014,iceland,0.011643119734945131,-0.03677273408391615,0.05072578997448306
2015,iceland,0.011660649892523198,-0.02038859648834837,0.05430487181348201
2016,iceland,0.011155561699267765,-0.03669946135961998,0.04325659929396888
2017,iceland,0.010876726773632668,-0.03081729075625507,0.04503034733434809
2018,iceland,0.010781291541074465,-0.02778137321646279,0.04247734817272452
2019,iceland,0.01115161431837561,-0.034736998158008195,0.03723949872086192
2020,iceland,0.011968720641394542,-0.03398664367291365,0.031889433588563304
2013,india,-0.012419147749760669,-0.05721572092951209,-0.03266361998712447
2014,india,-0.01411679537346988,-0.04985072097618461,-0.03193047146759967
2015,india,-0.016676720656447874,-0.07420022706319784,-0.031968671927400896
2016,india,-0.020633467887040725,-0.07185903884640017,-0.03189679096203147
2017,india,-0.0256682062686301,-0.06810338523204343,-0.03135483255829052
2018,india,-0.03020735253200062,-0.06209971731555304,-0.030708268104613325
2019,india,-0.029595863896937975,-0.06710896295826473,-0.031004150139606373
2020,india,-0.010949868716465623,-0.07063789348538213,-0.03224456729003447
2013,indonesia,-0.005078421543244593,0.014773798947917345,-0.025608495757564537
2014,indonesia,-0.006548425176034317,0.015097960693671366,-0.024722964411676634
2015,indonesia,-0.0070055755701881285,0.016560133635340566,-0.02500052653285232
2016,indonesia,-0.009650975034586914,0.01894662687846557,-0.025386402648979272
2017,indonesia,-0.011878873636328662,0.016084340297348954,-0.024179612002843836
2018,indonesia,-0.013261080840395425,0.02332695430693031,-0.021842414452243324
2019,indonesia,-0.009141836722371276,0.0150406256373169,-0.020705590500911673
2020,indonesia,0.000745321601749738,0.012912192131789716,-0.022464342353088952
2013,iraq,0.011878024319349284,-0.012469286205424389,0.0038724759385104237
2014,iraq,0.01177415198175522,-0.014672827397018433,0.0020427229061382455
2015,iraq,0.011758920735787189,-0.014435884393189704,0.0026197327708121034
2016,iraq,0.011638790320518518,-0.02079492307410151,0.010052243263652184
2017,iraq,0.011666164568167455,-0.014139890169231693,0.011529822681736475
2018,iraq,0.011091267608627779,-0.012747851803184652,0.013077662194219113
2019,iraq,0.010971618016175126,-0.018186460582786574,0.015455922805975323
2013,ireland,-0.00022280179983540237,0.007697280403233352,0.047125034526652905
2014,ireland,-0.0009324022703633257,0.003802343901864416,0.046615963147900945
2015,ireland,-0.0029553680319793505,0.0008399828005790805,0.04872340627720278
2016,ireland,-0.005171265594396911,0.006554127953424205,0.05247618228628462
2017,ireland,-0.007368376354010504,0.002511853411003578,0.049983524159808716
2018,ireland,-0.009000211795706411,0.0068424978385557955,0.04314355879765823
2019,ireland,-0.009551740103621153,0.004365456427688907,0.03897490944454856
2020,ireland,0.004309847276206999,0.009454579159485861,0.03493986366758671
2013,israel,0.009267884956620094,0.0037987099506395852,0.02212358015708486
2014,israel,0.009412918322943723,0.00738056780385575,0.018535492716314682
2015,israel,0.009190206401549364,0.005488104409096332,0.020291858563102547
2016,israel,0.00903008612841422,0.008586157085713463,0.01926114202397347
2017,israel,0.00858890259606332,0.008676659467848898,0.017957480762656054
2018,israel,0.008172913109634042,0.004628040611287396,0.013937733504021983
2019,israel,0.008360657866637995,0.013754278976954363,0.014624049892101266
2020,israel,0.009915662100329648,0.007690120655361779,0.010681627503135836
2013,italy,-0.003600608182726866,-0.05848189050352351,0.002556117854949018
2014,italy,-0.0038514144521014527,-0.050312387252968625,-0.00029887657652574707
2015,italy,-0.0033403098808597945,-0.06680686262755002,0.0007070169967599232
2016,italy,-0.00382738726770813,-0.051734757417679654,0.00019733007246281917
2017,italy,-0.004492898046490283,-0.06309559420527903,1.3114675392115639e-05
2018,italy,-0.005300838759552558,-0.05901114161913507,-0.00049118440039827
2019,italy,-0.005476840684646717,-0.0693110058749335,-0.0009948207477596446
2020,italy,0.0017770023979644409,-0.06155538743688866,-0.0054249201948610055
2013,jamaica,0.012271392143964242,-0.03391741519279842,-0.02730370467116031
2015,jamaica,0.012213386619212122,-0.03548375948562913,-0.028423852507419644
2016,jamaica,0.01213024115729763,-0.0409751357938732,-0.02714743391724546
2017,jamaica,0.011940963137736672,-0.054996787102920996,-0.027938958468703284
2018,jamaica,0.012184764376750288,-0.03393626597733009,-0.024427772912549814
2013,japan,-0.03962261874432446,0.013182223877450824,0.030086524591773803
2014,japan,-0.0408138356385832,0.006693495958004362,0.027276414103406095
2015,japan,-0.040071646092996335,0.010603962986807056,0.02499266838843898
2016,japan,-0.043501829831403216,0.014846784333958788,0.024905726639227427
2017,japan,-0.04645908891037048,0.00549899488410231,0.02415176806875397
2018,japan,-0.04504682925513434,0.005845903454971268,0.02198353702035977
2019,japan,-0.045218453495948226,0.010732172024500062,0.019834567545090068
2020,japan,-0.02891047125676139,0.0051362651368767045,0.016220468031120313
2013,jordan,0.011830822163497503,0.00834418551925299,-0.022525799855409857
2014,jordan,0.011869447273422207,0.011598481032669214,-0.023252623481620882
2015,jordan,0.01189565693329988,0.010366599086658896,-0.025309112077532073
2016,jordan,0.011944267711391423,0.013973818822072857,-0.02630628908917716
2017,jordan,0.011799098158550073,0.00513331312889063,-0.02575326972071608
2018,jordan,0.011852195793751774,0.012782601513374047,-0.02692923367311615
2019,jordan,0.011894150056039424,0.014958403181649592,-0.028217926564348163
2013,kazakhstan,0.011701092156494132,0.06369939703656624,0.09448113590029268
2014,kazakhstan,0.011686944568512466,0.06381418796054934,0.07116555074776834
2015,kazakhstan,0.011775832669332126,0.06364610481839308,0.05682928962499167
2016,kazakhstan,0.01191000601979755,0.06385190651171846,0.060013373113344405
2017,kazakhstan,0.011519556513702007,0.06367448013096581,0.0646760087779146
2018,kazakhstan,0.011669477399935672,0.06372378408126436,0.06435500678242553
2019,kazakhstan,0.011414850244198022,0.06369665250579255,0.05826604610831509
2020,kazakhstan,0.012122751164074746,0.06391106452495325,0.060102436886603175
2013,kenya,0.010632566336544837,-0.014149825834257765,-0.03732254792150031
2014,kenya,0.010655983123084876,-0.016634671284624702,-0.03724106892284579
2015,kenya,0.010694063681080536,-0.01402637449337563,-0.03717652513580103
2016,kenya,0.010539297047050932,-0.01813914279807559,-0.03651573677445845
2017,kenya,0.010340505440373324,-0.015202603818326877,-0.03721784841524358
2018,kenya,0.010022244990856069,-0.018067423022666562,-0.03714933851395165
2019,kenya,0.009888737224641899,-0.02797889305794107,-0.03618424459146804
2020,kenya,0.011663780765532839,-0.01668741640442394,-0.034890084585055034
2017,latvia,0.012237507175895336,0.007584978047056981,-0.006169589486815486
2018,latvia,0.012029836504987356,0.00027203285247203937,-0.0037295386894251282
2019,latvia,0.011875432867468604,0.0008429256698645151,-0.004097853566464907
2013,libya,0.01277375649005196,0.05106791404897376,0.052636016176030725
2014,libya,0.012924409674782252,0.052897199254260154,0.03934724325264405
2015,libya,0.013207714188438047,0.05211886127519669,0.02870295911765159
2016,libya,0.013239740702825709,0.05282978506459748,0.02366162090518253
2017,libya,0.013180480515788559,0.05077742155796062,0.03713394741983679
2018,libya,0.013125322611336032,0.05089432299409616,0.042428941759994676
2019,libya,0.013182133423617773,0.051817759100881294,0.04441041875342856
2019,lithuania,0.012255837512366398,-0.02997059300688341,0.008931103713694804
2020,lithuania,0.012352330286712584,-0.02753492049919652,0.008094568666197403
2013,malaysia,-0.000924148686714717,0.0008775783536166815,0.01605177593742819
2014,malaysia,-0.0014548213500841572,0.005981108262762314,0.018275308605232826
2015,malaysia,-0.001252714558500004,0.003059467823648798,0.017800920084421006
2016,malaysia,9.091935613936843e-05,0.006091553007854498,0.015813041126440462
2017,malaysia,-0.0013059916928025688,-0.0016670901929989796,0.012057594363388203
2018,malaysia,-0.0014076904906895021,0.0017031965320797897,0.014575102070496726
2019,malaysia,-0.0019039036566053744,0.0021309050582198523,0.013738314035467467
2020,malaysia,0.007143320567155086,-0.004519103028510633,0.012221881511825922
2013,mauritius,0.012212942166156619,0.0021132606725146963,-0.01983857677990895
2014,mauritius,0.01225513096073188,0.009685582594141179,-0.018738910115435804
2015,mauritius,0.012256241300385544,0.009441083669422177,-0.01850083215379224
2016,mauritius,0.012213584727241681,0.008781155918566826,-0.01788237830891343
2017,mauritius,0.012075999005434329,0.006123287863756651,-0.016564926132859183
2018,mauritius,0.012054593292102452,0.010101717042012346,-0.016518856482749807
2013,mexico,-0.0003619719762738115,0.05301073222331581,-0.007975340041629047
2014,mexico,-0.0010344082292706503,0.05486752945135202,-0.009106814450243935
2015,mexico,-0.0019422557123859438,0.054551666711908094,-0.0089425335705512
2016,mexico,-0.0028484227913267014,0.054122959892194934,-0.008727874839312914
2017,mexico,-0.004165984471759446,0.05433300412820807,-0.008748259420488786
2018,mexico,-0.005443779929066082,0.055697898625902784,-0.010413497794683035
2019,mexico,-0.006422001047067343,0.053509226829178656,-0.010153295724841962
2020,mexico,0.0014443797983554752,0.05265245293295179,-0.013524103007670362
2013,mongolia,0.012346124693304891,-0.032969136987321075,0.06701212983671427
2014,mongolia,0.012186499002626874,-0.0446958882633332,0.07222318697298846
2015,mongolia,0.012261873412610242,-0.04182617382089021,0.06482511826302785
2016,mongolia,0.012254252996744696,-0.04205269158982186,0.08065235130440669
2017,mongolia,0.012325376873910743,-0.03595643324530348,0.0941127567478628
2018,mongolia,0.012363990641001608,-0.030573781240145117,0.09851795522598526
2013,morocco,0.011238148306233575,0.025565162811654052,-0.03078201157141024
2014,morocco,0.011048760455686459,0.020480206162508976,-0.03069224652134091
2015,morocco,0.011029619638344283,0.021340540003327513,-0.030444712174415977
2016,morocco,0.01090527452959022,0.020380344705909874,-0.03059624886579386
2017,morocco,0.010672298156133011,0.022103486268187082,-0.030031975700989772
2018,morocco,0.01057946197230825,0.018269669305401557,-0.029846858649542674
2019,morocco,0.010398385899773394,0.021918625080641616,-0.028613754334747908
2013,myanmar,0.012938116137030756,0.05493760832242247,-0.033714814336316096
2014,myanmar,0.012815779360665455,0.055823117566936406,-0.03308647751709568
2015,myanmar,0.012741543620046472,0.05420178623271796,-0.032688789544002006
2016,myanmar,0.012534665368807252,0.05404807745726243,-0.0320651140945755
2017,myanmar,0.012509207129630717,0.05605445324084036,-0.030002949980637135
2018,myanmar,0.012476418000813432,0.05494534548631546,-0.033376271509886056
2019,myanmar,0.012457607919093632,0.05556833845253508,-0.033472241878249084
2013,namibia,0.01198076805181714,-0.06182199846622685,-0.015144771330914734
2014,namibia,0.011808609452298523,-0.07090447868629707,-0.013809662966839432
2015,namibia,0.011996843197818562,-0.05502047294294029,-0.014359969791911453
2016,namibia,0.011825209611137295,-0.0689914516297118,-0.01257811207602316
2017,namibia,0.011919288844021507,-0.05728386228975018,-0.014870037323465587
2018,namibia,0.011965531314083117,-0.05226087427739091,-0.016299949878217715
2019,namibia,0.01192147876137737,-0.07008848606339721,-0.016886234342809222
2013,nigeria,0.00920795561899979,-0.06026139256442051,-0.03481188650165684
2014,nigeria,0.009075946720612554,-0.051568772632177226,-0.034798978813824585
2015,nigeria,0.00913942980724692,-0.06579618570182917,-0.035407159149586136
2016,nigeria,0.009828845424895637,-0.04689322978242257,-0.03590598762300728
2017,nigeria,0.009824914864582358,-0.05503633110810633,-0.036039641371380673
2018,nigeria,0.009051433580153851,-0.06994336198708674,-0.03597346485382596
2019,nigeria,0.00928848546302605,-0.06160412474193028,-0.03580149569027813
2020,nigeria,0.009927546878683552,-0.06842833530404308,-0.03698860894583119
2013,oman,0.01048458255473662,-0.05705280898230024,0.1339960120227495
2014,oman,0.010410595767528832,-0.055746022270360636,0.13466439704685332
2015,oman,0.009958708526362808,-0.05903270681115124,0.1361257637904816
2016,oman,0.009839805654773959,-0.05096213356896234,0.13299850968163235
2017,oman,0.009521386626882813,-0.05196222930079228,0.12757757876352357
2018,oman,0.009161724584596605,-0.05359064683140335,0.13062119570130645
2019,oman,0.009048673863443366,-0.05041553582388174,0.13263743177104476
2020,oman,0.011383179311504312,-0.059037009041581254,0.12852178258274785
2013,pakistan,0.009703615212148943,-0.01804137630115653,-0.03599151364730528
2014,pakistan,0.009663980502827237,-0.034880692305260974,-0.03564108251370041
2015,pakistan,0.009464927832536907,-0.030782295575447566,-0.03548519188986969
2016,pakistan,0.009232856167982544,-0.031759218213139304,-0.03466073323585117
2017,pakistan,0.009380574776042589,-0.030770671718221915,-0.034090830076777365
2018,pakistan,0.009525516852109884,-0.01820275077045873,-0.03445917724990101
2019,pakistan,0.009593430221313735,-0.02572091577947457,-0.03459003142060623
2020,pakistan,0.010646920527892177,-0.025114385106688772,-0.03374354240644747
2013,panama,0.00991349305352368,-0.021978136062860847,-0.019300914493508348
2014,panama,0.009791760880787098,-0.02660341656786442,-0.01920028307656767
2015,panama,0.009686009013027309,-0.026184146463252265,-0.020093451297271137
2016,panama,0.009506620264216758,-0.026449065960943867,-0.020288337863034172
2017,panama,0.009916154293527471,-0.025064446456820454,-0.021624324813500285
2018,panama,0.009912548656758252,-0.0165921190776639,-0.022189566555896798
2019,panama,0.009726021384002385,-0.027632405023251934,-0.017277668657570577
2020,panama,0.01158726751838525,-0.028163276359130907,-0.02345895725912277
2013,paraguay,0.013377594699055714,0.05362981104483055,-0.0036605856363947907
2014,paraguay,0.013368129851022552,0.052858360224130964,-0.0015681105781688016
2015,paraguay,0.013415607501353595,0.053390552963282975,-0.0025681512042923
2016,paraguay,0.013382538870744776,0.051522114797708844,-0.0028491504730605455
2017,paraguay,0.013375798740479242,0.05218128116973316,-0.0021382189822412375
2018,paraguay,0.013293234038940161,0.05192325757613537,-0.003279298149235853
2019,paraguay,0.013339598384636357,0.052509847843388906,-0.0034793512405426235
2020,paraguay,0.013484612446580382,0.053700065457072975,-0.0037935163086527312
2013,peru,0.009582701461128815,0.035079923601288115,-0.029877168751070687
2014,peru,0.009631060330581372,0.03680617465345937,-0.02940259579402656
2015,peru,0.00936704810003462,0.037967842103569495,-0.029166509356057465
2016,peru,0.00919541808530805,0.03336219875316434,-0.028851145995747368
2017,peru,0.008936088364397776,0.03340638241483463,-0.029602203084896313
2018,peru,0.008668151160882221,0.03602082661521809,-0.029939028348076803
2019,peru,0.008619512700204885,0.032662616874018606,-0.029447724086856114
2020,peru,0.011530550031007744,0.03515524556707752,-0.03210525328128108
2013,philippines,0.005723410255194294,-0.051666260218810316,-0.037197357404851604
2014,philippines,0.003911859726089881,-0.04973715924851693,-0.03687892287290936
2015,philippines,0.003441980093973643,-0.040870000489029445,-0.03641766656579043
2016,philippines,0.00264195415114324,-0.04843700462733407,-0.03579966408023542
2017,philippines,0.0027474594956331663,-0.056947535160985725,-0.03477919729252791
2018,philippines,0.002185218198242593,-0.04322904755452009,-0.03456201369724219
2019,philippines,0.0011100800389106384,-0.056270365122365044,-0.03424226132600958
2020,philippines,0.00817560331865772,-0.05774238954958094,-0.03510412357032314
2013,poland,0.0099695314712071,0.020578260017341293,0.02551662207008306
2014,poland,0.009856348635279672,0.018618659432417084,0.022738907066477087
2015,poland,0.010204645043878809,0.026064558190610616,0.02315434371120725
2016,poland,0.009773260917961398,0.018815332280786613,0.025333097630881637
2017,poland,0.009139391546274689,0.025092751780559672,0.027907865017543936
2018,poland,0.008362679575297488,0.01916491559615243,0.027759076657470988
2019,poland,0.008007911318342237,0.020841248491910488,0.024327641190236563
2020,poland,0.0101542265107786,0.0236061552449617,0.021233776158177623
2013,portugal,0.009130986453754665,0.045320815128889705,-0.007051467342543125
2014,portugal,0.008931905141661157,0.044406924322977825,-0.006985232409510369
2015,portugal,0.008938129528427449,0.04452162160988004,-0.003833229790550576
2016,portugal,0.008826241132460487,0.045367271721064854,-0.004298714407898892
2017,portugal,0.008097590422332162,0.04398860699033611,-0.0004977101667107397
2018,portugal,0.007648794940005315,0.04561305277481212,-0.0030775511893237784
2019,portugal,0.007017867969839148,0.04737303233612765,-0.006007148415454389
2020,portugal,0.01062733566921414,0.04608707870694502,-0.00995384521630071
2013,romania,0.011332234514773295,-0.01657774220205686,-0.009582140409445926
2014,romania,0.011164669873760724,-0.026445089490511012,-0.009222434328302885
2015,romania,0.01114337723960896,-0.02539553489254959,-0.00863215831926661
2016,romania,0.01121084489929104,-0.012040375017421561,-0.008421751816911068
2017,romania,0.010920384075937085,-0.016226332750692306,-0.006908739202033148
2018,romania,0.010714196860721807,-0.01735615270274487,-0.0061559788795775535
2019,romania,0.010582757104055717,-0.01904558358168476,-0.0066046380124156175
2020,romania,0.011369965158817942,-0.022869770171291173,-0.008743640022693117
2013,saudi arabia,0.0024750254321164425,0.0494458872287129,0.12508541553665703
2014,saudi arabia,0.0017797024741153023,0.049827067987597444,0.13160380729378257
2015,saudi arabia,0.0029539009498219552,0.050343908513702955,0.1300329048020214
2016,saudi arabia,0.002356019950425649,0.051592760815936334,0.12447564389936713
2017,saudi arabia,0.0016394383851480198,0.05031552869019429,0.12325246107423656
2018,saudi arabia,0.0007361508885855493,0.05030074027638063,0.12395774315963518
2019,saudi arabia,-0.001492826938290069,0.0515127012112545,0.12518492150484872
2020,saudi arabia,0.006512177332529286,0.05192187469420872,0.11570741999116456
2013,senegal,0.012028175375907505,-0.04963994709582317,-0.03876970380868446
2014,senegal,0.011955133787683953,-0.056812577185600704,-0.0387412854758089
2015,senegal,0.012142439361398397,-0.044781492015080256,-0.03830723212168024
2016,senegal,0.01207617740295975,-0.052747794064261465,-0.03790425923814252
2017,senegal,0.012104162013006023,-0.0489107102993353,-0.038239110823263124
2018,senegal,0.01205564161143644,-0.04780270946353808,-0.038154696219634576
2019,senegal,0.012072253971707745,-0.04177172361022073,-0.03821565656386707
2020,senegal,0.012149230816426932,-0.04455305265535621,-0.03823675762286876
2019,singapore,-0.007981081131974403,-0.00328329563243501,0.037169208445203085
2020,singapore,0.004553688039174075,0.0034765851197134014,0.0355475855974209
2013,south africa,0.00493604333339116,-0.02580820140791606,0.02784037733107455
2014,south africa,0.0049673830182401495,-0.0220315767289407,0.02828532910855021
2015,south africa,0.004968564458038773,-0.02672964284651807,0.023526788459173314
2016,south africa,0.00501294402140085,-0.032690799893345356,0.022841448135511533
2017,south africa,0.004645667442662587,-0.026402467730845265,0.023854158857828343
2018,south africa,0.004287544238552404,-0.03343396669196083,0.0229617473749014
2019,south africa,0.004471329903104953,-0.023454421551706895,0.02234464362506685
2020,south africa,0.009251432626011304,-0.029330412340818332,0.013999661957671227
2013,spain,-0.004480946435104739,0.06137965655837483,0.0021766710162736593
2014,spain,-0.005233513693002214,0.061781317841860264,0.0020168094315158314
2015,spain,-0.0060786221339616696,0.06257930186031053,0.004007416029415004
2016,spain,-0.007601625890042687,0.06231700930423038,0.002643546956714844
2017,spain,-0.008820179160360035,0.06204609585870065,0.004606070932290667
2018,spain,-0.010745760470248117,0.06188558698166752,0.0033005167234567145
2019,spain,-0.01191030438409074,0.06295779538218753,0.00012857830688083302
2020,spain,0.002313981970810912,0.06121227924859216,-0.006030095727578889
2013,sri lanka,0.010527454434878947,-0.04321422951240704,-0.038199464086136226
2014,sri lanka,0.010362756586920641,-0.04926780744654623,-0.038056027104052585
2015,sri lanka,0.010540723864833193,-0.03085038346251279,-0.03660332454415391
2016,sri lanka,0.01036426244026687,-0.03518616141348045,-0.03588688418802918
2017,sri lanka,0.010153886367652222,-0.0489928976247945,-0.03697699364310114
2018,sri lanka,0.010093675184714039,-0.045675426619945746,-0.0368575241841293
2013,sudan,0.01175291515707152,-0.06397029186585716,-0.026272796698880822
2014,sudan,0.011767603308259562,-0.06459198364647688,-0.026540762079697442
2015,sudan,0.01201538836200958,-0.043976765636015866,-0.026624952158246007
2016,sudan,0.012085624960250174,-0.0423224294400296,-0.026645530986166135
2017,sudan,0.012030231072884385,-0.04238766464655138,-0.02748173319864298
2018,sudan,0.0121104712440759,-0.04098131838782417,-0.027510323567706864
2019,sudan,0.011905297134420066,-0.06395651336143085,-0.028162635868162842
2013,sweden,0.0005728139924056175,0.008549058763293826,-0.006090039696518729
2014,sweden,4.9455915462427605e-05,0.011764710927514594,-0.007571871901806572
2015,sweden,0.00031681766980443826,0.0010222086522616873,-0.007981569988706737
2016,sweden,0.0003835610865213644,0.002413482859781646,-0.008641752752619365
2017,sweden,0.0008642112968208673,0.00787441513807899,-0.009732363403926905
2018,sweden,0.0005106105035153017,0.002015706507879194,-0.012120408600879156
2019,sweden,0.0008450392116181991,0.007911088406048903,-0.012719834260230484
2020,sweden,0.00824773843183503,0.007427406041175857,-0.013889583677601026
2013,switzerland,0.0018338814526775015,-0.06809954406625998,-0.002493305091232995
2014,switzerland,0.0017544816521243996,-0.05682683926162628,-0.0062392126639694775
2015,switzerland,0.0019551857844218794,-0.06749445024390104,-0.007284530047180771
2016,switzerland,0.001910991852678709,-0.06592469897252701,-0.007326454509006208
2017,switzerland,0.0019084316584597008,-0.05672963405628058,-0.00849280549783664
2018,switzerland,0.001183785001064906,-0.05308236598120976,-0.009877246305026623
2019,switzerland,0.0013286397452938745,-0.06146315167647651,-0.010321201310486361
2020,switzerland,0.00656700437514643,-0.05550996895551003,-0.012602823223260933
2013,tajikistan,0.0121245349999846,-0.04948448910946797,-0.03838319031960907
2014,tajikistan,0.01184039612475242,-0.06652261294058785,-0.037426268536367976
2015,tajikistan,0.01182083568357837,-0.06895537860301257,-0.03710343091851518
2016,tajikistan,0.011839049745961684,-0.06900796016741029,-0.03659026194642566
2017,tajikistan,0.012183088954758267,-0.04598912511375734,-0.03555146138609836
2018,tajikistan,0.012187528522448489,-0.04648281513638841,-0.034837075167056045
2019,tajikistan,0.012203116445697692,-0.04518851184950232,-0.03446938060779733
2013,tanzania,0.013109258957725002,0.05865520135819177,-0.04007389706131093
2014,tanzania,0.013075498746129791,0.05854420141026871,-0.040128899152040855
2015,tanzania,0.012985018158942327,0.05745852687238274,-0.039902575883640094
2016,tanzania,0.01305424765286825,0.05832211320129728,-0.039930082195315325
2017,tanzania,0.012897404243310876,0.058701482768124986,-0.04020157656940356
2018,tanzania,0.012523951771050364,0.05832885540726615,-0.04029666157424872
2019,tanzania,0.012573512788891978,0.05807062467317629,-0.04003266900157646
2020,tanzania,0.013048735156291541,0.0589965763865305,-0.03994438436190869
2013,thailand,-0.0027852750967654687,-0.04071457607584929,-0.005087173889668238
2014,thailand,-0.003244004403686394,-0.040496146176915604,-0.006449057116224705
2015,thailand,-0.004269759307649775,-0.04130441151013266,-0.006468118330355174
2016,thailand,-0.005186061872528707,-0.030863383414227615,-0.006430414113697183
2017,thailand,-0.0070127104878896975,-0.031996468638898205,-0.0063161555023479934
2018,thailand,-0.008333903034780911,-0.02493567593646861,-0.006707607120403194
2019,thailand,-0.007891171307472212,-0.027469877117948724,-0.006220324029530885
2020,thailand,0.0038883476828562346,-0.04347044580617539,-0.006576143682614627
2013,tunisia,0.012614676414298674,0.06434485036122027,-0.024129273625447617
2014,tunisia,0.012559596685638708,0.06463096467417177,-0.023195142977607608
2015,tunisia,0.012865634077431227,0.0644544296528234,-0.023226097034594214
2016,tunisia,0.01287257482958596,0.06423069421633362,-0.024012896209811382
2017,tunisia,0.012803821909046864,0.06445178400757663,-0.024150431158905725
2018,tunisia,0.012707037969159281,0.06447327830275043,-0.024405951555017548
2019,tunisia,0.012723698979860972,0.06426992940354773,-0.024631739764263905
2020,tunisia,0.013322327132744206,0.06435028206502423,-0.025774272360095194
2015,turkmenistan,0.013166492681699461,0.042283240287350844,0.0652540689319335
2016,turkmenistan,0.013081738278997666,0.042337917316755194,0.061295029180971024
2017,turkmenistan,0.012954496939206249,0.040896216227514846,0.0582168733598674
2018,turkmenistan,0.012929573157973051,0.04282247639192761,0.054857015073034386
2019,turkmenistan,0.01296950091085546,0.04146958022628914,0.05333285555157194
2013,uganda,0.011949185773155806,-0.05924690879959568,-0.04176496845206802
2014,uganda,0.01180089986460987,-0.07116863616048813,-0.04165890477827931
2015,uganda,0.011950392766731897,-0.0630849833005213,-0.04151732123849271
2016,uganda,0.012009726118648137,-0.05901119179597897,-0.0414389882108074
2018,uganda,0.012087927637603262,-0.05036048699995077,-0.04157196043999726
2013,ukraine,0.011335564636987172,0.013665605992068178,0.014835578197824781
2014,ukraine,0.011582286612693624,0.008529764997611879,0.007013274864246969
2015,ukraine,0.011684538117974813,0.00885234005637522,-0.001378725674822311
2016,ukraine,0.01141402420742477,0.004839237627994609,-7.018655035415012e-05
2017,ukraine,0.011200375540048468,0.011353488963504797,-0.003932135752353785
2018,ukraine,0.010911624923252728,0.009779387949917244,-0.001616061600119911
2019,ukraine,0.010981996416226944,0.011559211821494213,-0.002668425823791512
2020,ukraine,0.012030367422093286,0.006194170519443665,-0.003858715966586684
2013,united states,-0.2824619906994562,-0.005444581362760842,0.0946803235594359
2014,united states,-0.28793242995710594,-0.0010939391271145107,0.09449555199635386
2015,united states,-0.294451880946641,-0.00901687870977755,0.09078970929754937
2016,united states,-0.3027852238204473,0.00299971998039901,0.0870718008138893
2017,united states,-0.3136520098717845,0.0016650025144000237,0.0850159581627375
2018,united states,-0.3261519593067313,0.0015649821885933245,0.08835154105536146
2019,united states,-0.3390739060631927,0.004073483270768055,0.08501569139666791
2020,united states,-0.2310021164499246,-0.0032469371616367193,0.07210432729486317
2013,uzbekistan,0.012763378169791261,0.06173988287352698,-0.005004255680714485
2014,uzbekistan,0.012734538776258698,0.061734130825825066,-0.007619515751845304
2015,uzbekistan,0.01273560903544105,0.06166619163223649,-0.00942683051873173
2016,uzbekistan,0.012770374158063048,0.061877365324642934,-0.00786579822732252
2017,uzbekistan,0.012774600542120181,0.061730475063734774,-0.007423036871228123
2018,uzbekistan,0.012785372961737165,0.06163741295150645,-0.006562084886802974
2019,uzbekistan,0.012657259969792535,0.06212416210251067,-0.006261978807564476
